<?xml version="1.0" encoding="UTF-8" standalone="yes"?>
<addon id="repository.medusa" name="Medusa Repository" provider-name="Medusa" version="4.0">
  <extension point="xbmc.addon.repository" name="Medusa Repository">
    <dir>
      <info compressed="false">https://github.com/MedusaKodi/TV.txt/blob/master/Repo/addons.xml</info>
      <checksum>https://github.com/MedusaKodi/TV.txt/blob/master/Repo/addons.xml.md5</checksum>
      <datadir zip="true">https://github.com/MedusaKodi/TV.txt/tree/master/Repo</datadir>
    </dir>
  </extension>
  <extension point="xbmc.addon.metadata">
    <platform>all</platform>
    <description lang="en"></description>
    <license></license>
    <language></language>
    <website></website>
    <news></news>
    <assets>
      <icon>icon.png</icon>
    </assets> 
  </extension>
</addon>
