<?xml version="1.0" encoding="UTF-8" standalone="yes"?>
<addon id="repository.medusa" name="[COLOR blue]<Medusa Repository[/COLOR]" version="1.0.0" provider-name="MD">
	<extension point="xbmc.addon.repository" name="Medusa Repository">
		<info compressed="false">https://raw.githubusercontent.com/MedusaKodi/TV.txt/master/repo/addons.xml</info>
		<checksum>https://raw.githubusercontent.com/MedusaKodi/TV.txt/master/repo/addons.xml.md5</checksum>
		<datadir zip="true">https://github.com/MedusaKodi/TV.txt/tree/master/repo</datadir>
	</extension>
    <extension point="xbmc.addon.metadata">
	<summary></summary>
	<description></description>
	<disclaimer></disclaimer>
	<language></language>
	<platform>all</platform>
	<license></license>
	<forum></forum>
	<website></website>
	<email></email>
	<source></source>
	<news></news>
    <assets>
		<icon>resources/icon.png</icon>
		<fanart>resources/fanart.jpg</fanart>
		<banner></banner>
		<clearlogo></clearlogo>
		<screenshot></screenshot>
	</assets>
	</extension>
</addon>